age,gravidity,parity,HPV_overall,HPV16,HPV18,HPV_other_hr,iodine_negative,atypical_vessels,child_alive,menopausal_status,pathology_fig,cytology_grade,colpo_impression,TZ_type,pathology_group
37.5,1.0,1.0,0,0,0,0,0,0,1,0,0,1,1,2,0
31.6,2.0,2.0,0,0,0,0,0,0,1,0,0,0,2,3,0
37.3,2.0,1.0,1,0,0,1,1,0,0,1,0,0,1,1,1
49.4,2.0,1.0,1,1,0,0,0,0,1,1,0,1,2,2,0
50.4,4.0,1.0,1,0,0,0,1,0,1,0,1,1,2,2,1
48.5,2.0,1.0,1,1,0,0,0,0,1,0,0,0,2,1,0
32.6,3.0,2.0,0,0,0,0,0,0,1,0,0,1,1,3,0
31.1,2.0,1.0,1,0,1,0,0,0,0,1,0,0,2,3,0
30.8,5.0,1.0,0,0,0,0,1,0,0,0,0,0,2,3,0
53.0,2.0,1.0,1,0,0,0,0,0,1,0,0,1,2,1,0
27.0,5.0,2.0,1,0,0,0,0,0,1,0,0,1,4,2,0
36.6,4.0,1.0,1,0,0,0,0,0,0,0,0,1,2,2,0
49.8,4.0,1.0,1,0,0,0,0,0,1,1,0,1,3,1,0
29.7,2.0,2.0,1,0,0,0,0,0,1,0,0,1,2,3,0
23.9,4.0,2.0,1,1,0,0,0,0,1,0,0,1,1,2,0
46.8,2.0,2.0,1,1,0,0,0,0,1,0,0,3,1,1,0
43.6,0.0,0.0,1,0,0,0,0,0,1,0,0,0,2,1,0
63.3,2.0,1.0,1,1,0,0,1,0,1,0,0,1,2,3,0
42.8,2.0,2.0,0,0,0,0,1,0,1,0,0,0,2,3,0
66.9,2.0,1.0,1,0,0,0,0,0,1,0,0,0,2,3,0
32.4,4.0,2.0,1,0,0,0,1,0,1,0,0,1,1,3,0
52.7,1.0,1.0,1,1,0,0,0,0,1,0,0,1,1,3,0
24.9,5.0,2.0,1,0,0,0,0,0,1,0,0,0,2,3,0
38.0,3.0,1.0,1,0,0,0,0,0,1,0,0,1,1,3,0
44.6,0.0,0.0,1,0,0,0,1,0,1,0,1,3,2,3,1
59.6,1.0,1.0,1,0,1,0,1,0,1,1,0,0,4,2,1
52.9,2.0,2.0,0,0,0,0,1,0,1,1,0,1,1,1,0
42.6,2.0,1.0,1,0,0,0,0,0,1,0,0,1,2,3,1
29.9,4.0,2.0,0,0,0,0,0,0,1,0,0,0,1,2,0
24.1,0.0,0.0,1,0,0,0,0,0,1,1,1,1,2,3,0
47.9,2.0,2.0,1,0,0,0,1,0,1,0,1,0,2,2,0
35.4,3.0,2.0,1,0,0,0,0,0,1,0,0,3,1,3,1
63.4,2.0,2.0,1,0,0,0,1,0,1,0,0,1,2,3,0
20.3,3.0,2.0,1,0,0,0,0,0,1,0,1,0,2,3,0
42.9,4.0,1.0,1,0,0,0,1,0,1,0,1,1,2,1,1
45.1,2.0,1.0,1,0,0,0,0,0,1,0,1,1,2,3,0
42.1,2.0,1.0,1,0,1,0,1,0,1,0,1,3,1,3,1
27.1,3.0,1.0,0,0,0,0,1,0,1,1,0,1,2,3,0
46.9,2.0,2.0,1,0,1,0,0,0,1,1,1,1,2,3,0
47.0,2.0,2.0,1,0,0,0,0,0,1,0,0,0,1,3,0
48.2,2.0,1.0,0,0,0,0,1,0,1,1,0,1,2,2,0
43.1,3.0,1.0,0,0,0,0,0,0,1,0,0,0,4,1,0
53.0,3.0,1.0,0,0,0,0,0,0,1,0,1,0,2,1,0
57.0,1.0,1.0,1,0,1,0,0,0,1,1,0,0,1,3,1
47.2,5.0,2.0,1,1,0,0,1,0,1,0,0,1,4,2,0
39.8,2.0,2.0,1,1,0,0,1,0,1,0,0,1,1,1,0
42.0,4.0,1.0,1,0,0,0,1,0,1,0,0,3,1,1,0
53.2,2.0,1.0,0,0,0,0,0,0,1,0,0,1,2,3,0
39.3,1.0,1.0,1,0,0,0,0,0,1,0,0,3,2,2,1
50.6,2.0,1.0,1,1,0,0,0,0,1,0,0,0,2,1,0
73.2,4.0,1.0,1,1,0,0,1,0,1,0,0,3,1,2,1
37.4,4.0,1.0,0,0,0,0,0,0,0,0,0,5,1,3,1
37.3,4.0,1.0,1,0,0,0,0,0,1,0,1,0,2,1,0
47.3,4.0,2.0,1,0,0,0,0,0,1,1,0,0,2,3,1
29.0,2.0,1.0,1,1,0,0,0,0,1,0,0,1,1,1,0
45.6,2.0,1.0,0,0,0,0,0,0,1,0,1,3,2,1,1
64.6,3.0,1.0,1,1,0,0,0,0,1,1,1,0,2,3,1
47.7,3.0,2.0,0,0,0,0,0,0,1,0,0,1,2,3,1
28.1,4.0,1.0,1,1,0,0,0,0,1,1,0,3,2,3,0
63.2,1.0,1.0,0,0,0,0,0,0,1,1,1,0,2,1,1
50.6,3.0,1.0,1,0,0,0,0,0,1,0,0,3,1,1,1
39.6,4.0,1.0,1,0,0,0,0,0,1,1,0,1,2,1,0
47.8,2.0,1.0,0,0,0,0,0,0,1,0,0,1,2,2,0
44.6,2.0,2.0,1,0,0,0,1,0,1,1,1,1,2,1,0
44.8,1.0,1.0,0,0,0,0,0,0,1,1,0,3,2,1,0
37.5,1.0,1.0,1,1,0,0,0,0,1,0,0,1,1,2,0
29.6,2.0,1.0,0,0,0,0,0,0,1,0,0,4,1,1,0
69.0,3.0,1.0,0,0,0,0,1,0,1,1,0,4,2,3,0
44.6,2.0,0.0,0,0,0,0,0,0,0,1,1,1,2,1,0
46.9,2.0,1.0,0,0,0,0,0,0,1,1,0,0,2,2,0
51.7,4.0,1.0,1,0,0,0,1,0,1,0,0,1,2,1,0
47.4,4.0,0.0,1,0,0,0,1,0,1,1,0,0,2,2,1
64.7,2.0,1.0,0,0,0,0,0,0,1,1,0,0,1,2,0
52.7,2.0,2.0,0,0,0,0,1,0,1,1,0,0,4,1,0
31.5,1.0,1.0,1,0,0,0,0,0,1,0,0,0,4,3,1
36.1,2.0,2.0,1,0,0,0,1,0,1,1,0,1,4,3,1
31.0,2.0,1.0,1,0,0,0,1,0,0,0,0,1,2,3,0
56.3,2.0,2.0,1,0,0,0,0,0,1,1,0,1,2,2,1
32.9,3.0,2.0,0,0,0,0,0,0,1,0,0,1,2,3,0
48.4,2.0,1.0,1,0,0,0,0,0,0,0,1,4,2,3,1
58.0,1.0,0.0,1,0,1,0,0,0,1,0,1,3,2,3,1
43.9,3.0,1.0,1,0,0,0,0,0,1,0,1,1,4,1,1
34.4,2.0,1.0,1,1,0,0,1,0,1,0,0,1,2,2,1
50.0,3.0,1.0,1,0,0,0,0,0,1,0,1,2,2,3,0
49.9,3.0,2.0,0,0,0,0,0,0,1,0,0,1,2,3,0
55.4,2.0,1.0,0,0,0,0,0,0,1,1,0,2,1,3,0
54.9,2.0,1.0,0,0,0,0,0,0,1,0,0,0,4,2,1
40.2,2.0,1.0,1,1,0,0,1,0,1,0,0,0,2,3,0
59.8,1.0,1.0,1,0,0,0,1,0,1,1,0,1,2,3,1
27.7,5.0,2.0,1,1,0,0,0,0,1,0,0,1,2,1,1
37.2,2.0,2.0,0,0,0,0,1,0,1,0,0,3,1,2,0
49.3,1.0,1.0,1,1,0,0,1,0,0,1,0,0,1,2,1
39.9,1.0,1.0,1,0,0,0,0,0,0,1,0,0,2,1,0
45.4,1.0,1.0,1,0,0,0,0,0,1,1,0,1,1,3,0
34.5,2.0,1.0,0,0,0,0,0,0,1,1,0,3,1,3,1
39.1,4.0,2.0,1,0,0,0,0,0,1,0,0,1,2,2,0
53.6,3.0,0.0,1,0,0,0,0,0,1,1,0,1,2,3,0
44.1,3.0,1.0,1,0,0,0,0,0,1,1,0,0,4,2,0
21.3,4.0,0.0,0,0,0,0,1,0,1,0,1,3,2,3,0
32.7,1.0,1.0,0,0,0,0,1,0,1,1,0,1,2,3,1
42.7,3.0,1.0,1,1,0,0,0,0,0,0,1,1,4,2,1
44.1,0.0,0.0,1,0,0,0,0,0,1,1,1,1,2,3,1
43.3,4.0,2.0,1,1,0,0,1,0,1,0,0,1,2,1,0
