label,a,b,d_auroc,lo,hi,p_delong,p_boot,d_brier,brier_lo,brier_hi,p_brier,auroc_with,auroc_without
Logistic regression,lr__full,lr__nopf,0.06866510113263358,0.03914762455037373,0.0975094835968774,6.36466431231474e-06,0.0,-0.01630672540509223,-0.024348326631510406,-0.008015090735733553,0.0,0.7572816793596013,0.6886165782269678
XGBoost,xgb__full,xgb__nopf,0.049645160034770375,0.02302984167581417,0.0766589961300654,0.00032122899310452885,0.0,-0.01653753601223784,-0.02382507034660887,-0.009253986411618995,0.0,0.7398445710134022,0.6901994109786318
LightGBM,lgbm__full,lgbm__nopf,0.05315139406048497,0.02280752257127328,0.08117013282955352,0.00047658135731030364,0.0,-0.013324710023643688,-0.020736833143868066,-0.0056882071848743734,0.002,0.7285636441480596,0.6754122500875747
CatBoost,catboost__full,catboost__nopf,0.05065064805324537,0.024770543858333327,0.07600838210984523,0.0001553204588485706,0.0,-0.0191259523302785,-0.027529060183054743,-0.01029029422913802,0.0,0.7551279888942226,0.7044773408409771
Random forest,rf__full,rf__nopf,0.04102715466351825,0.01016999099604672,0.07111307066492502,0.007818203304553524,0.005,-0.014147011811255633,-0.023004741067022383,-0.0054710053699692915,0.001,0.7314600983432151,0.690432943679697
FT-Transformer,ftt__full,ftt__nopf,0.07157128585700012,0.02807859018550775,0.11159030856172576,0.0005744738976025516,0.002,-0.018894239443972144,-0.030805130742252777,-0.007184633076591829,0.003,0.7390661286765183,0.6674948428195182
TabPFN,tabpfn__full,tabpfn__nopf,0.057059823293589385,0.028373230577455773,0.08426229510607014,8.654897168637856e-05,0.0,-0.0180983261735001,-0.027127258101742793,-0.008584835337828388,0.0,0.761005228537696,0.7039454052441065
Tabular Transformer,tab__full,tab__nopf,0.05599595209984809,0.01923876442763721,0.09162721999542751,0.003145810372917191,0.003,-0.011719281777699514,-0.02184449457306563,-0.0007043439844705299,0.037,0.744411432723121,0.6884154806232727
Tab-MFM (pretrained),tabmfm_pre030_colid1__full,tabmfm_pre030_colid1__nopf,0.06064065804325558,0.021553239543281404,0.0991408735237499,0.002433377694602771,0.002,-0.014499145339711167,-0.026515465377868266,-0.0026952259674122535,0.019,0.7366789055100742,0.6760382474668188
Tab-MFM (no pretraining),tabmfm_nopre_colid1__full,tabmfm_nopre_colid1__nopf,0.07194104596702011,0.036410978864657266,0.1067746791795378,7.724737220724235e-05,0.0,-0.023920570997117196,-0.0347425472668802,-0.012402601347560716,0.0,0.74264047640671,0.6706994304396903
