label,a,b,d_auroc,lo,hi,p_delong,p_boot,d_brier,brier_lo,brier_hi,p_brier,p_holm
catboost__full vs LR,catboost__full,lr__full,-0.0021536904653788325,-0.026126356351261985,0.021697213943646418,0.8604015313070276,0.832,-0.0071473706790172176,-0.014606167608296871,0.0001501263367271511,0.054,1.0
tabpfn__full vs LR,tabpfn__full,lr__full,0.0037235491780945873,-0.008348881931103244,0.016233973882004503,0.554009631965706,0.588,-0.006830666790873324,-0.011840393323821363,-0.0020374937564386817,0.008,1.0
xgb__full vs LR,xgb__full,lr__full,-0.01743710834619927,-0.042844803327107675,0.006926684780481028,0.17298598117595199,0.178,8.32446234481643e-05,-0.006804858248634377,0.007030575072175834,0.928,0.9110282918957366
lgbm__full vs LR,lgbm__full,lr__full,-0.028718035211541704,-0.059821433361590216,0.0017349302205482671,0.06702610904749662,0.067,0.005466031780169633,-0.0029893794786471487,0.014028925580298349,0.204,0.6166517684569759
rf__full vs LR,rf__full,lr__full,-0.025821581016386208,-0.05433741148924754,0.004606542765135192,0.08126899488078841,0.099,0.0031618081062190218,-0.0055436579933880285,0.011694290485510057,0.441,0.6501519590463073
ftt__full vs LR,ftt__full,lr__full,-0.018215550683083226,-0.04347522798333234,0.0073658381044076566,0.15183804864928943,0.155,0.006779188798938546,-0.0006563840752296365,0.014498712384845226,0.078,0.9110282918957366
tab__full vs LR,tab__full,lr__full,-0.012870246636480398,-0.030091284415813106,0.004069968627014222,0.12653663188961942,0.133,0.00435138941369137,-0.0013821448030689493,0.010433330655247654,0.148,0.8857564232273359
tabmfm_pre030_colid1__full vs LR,tabmfm_pre030_colid1__full,lr__full,-0.020602773849527023,-0.04192379461532575,0.0010324137272810802,0.06166517684569759,0.06,0.006344090323775364,-0.0011958270999520217,0.013979453493527203,0.096,0.6166517684569759
tabmfm_pre015_colid1__full vs LR,tabmfm_pre015_colid1__full,lr__full,-0.031040388183245282,-0.05593611425890905,-0.007727107915851967,0.010560754750792363,0.007,0.0064059265502387774,-0.0016554280187552422,0.01441022994442918,0.123,0.116168302258716
tabmfm_pre030_colid0__full vs LR,tabmfm_pre030_colid0__full,lr__full,-0.008413664257820086,-0.026155969889530225,0.009694268038079126,0.33548405950312044,0.325,0.001244530837124308,-0.004177721025977675,0.006600090089849718,0.627,1.0
tabmfm_nopre_colid1__full vs LR,tabmfm_nopre_colid1__full,lr__full,-0.014641202952891175,-0.03510260421084811,0.005346034917532292,0.1523282510875835,0.173,0.0009487006103246487,-0.005249720671133507,0.006980935842434602,0.777,0.9110282918957366
