model,auroc,auroc_lo,auroc_hi,auprc,brier,ece10,cal_intercept,cal_slope,picks,auroc_after_nested_cal
tabpfn__full,0.761005228537696,0.7233340480702439,0.7986764090051481,0.6100566200232356,0.15777161816466187,0.01542341752715331,0.0040661746541541,0.9597137418680803,ssiss,0.750194610584221
lr__full,0.7572816793596014,0.7196888433931322,0.7948745153260707,0.5667244467438205,0.1646022849555352,0.033675192283435774,-0.014544383504039162,0.9114205895632818,ssssi,0.7425885802509179
catboost__full,0.7551279888942226,0.7172191232734328,0.7930368545150124,0.5922481333689783,0.15745491427651798,0.013196432259347725,-0.002752154091160077,0.9783574342199506,sssss,0.7512682123071734
tabmfm_pre030_colid0__full,0.7488680151017814,0.7112546055834098,0.7864814246201529,0.5571312377058795,0.1658468157926595,0.03362480379433362,-0.029002405132332234,0.7397713753006205,ssssi,0.7403667760810617
tab__full,0.744411432723121,0.7063491254360706,0.7824737400101714,0.5701053711243895,0.16895367436922656,0.030189401252602114,0.03546167865778979,0.7788088292055749,sisis,0.7327510152185478
tabmfm_nopre_colid1__full,0.7426404764067103,0.7040098022519886,0.7812711505614319,0.5865972683069401,0.16555098556585984,0.049570531132611895,0.03641932506119665,0.6965551662497907,ssisi,0.7345641371615398
xgb__full,0.7398445710134022,0.7013271699035035,0.7783619721233008,0.5686495721339976,0.16468552957898336,0.03069746322229464,-0.0011567342991855847,0.9845469851433797,sssss,0.7366853925295483
ftt__full,0.7390661286765182,0.700596686445575,0.7775355709074614,0.5509284622415132,0.17138147375447374,0.04049859021627288,0.006535567293965895,0.524910446682454,issss,0.7326083007901191
tabmfm_pre030_colid1__full,0.7366789055100744,0.6981047909792911,0.7752530200408577,0.5549478367733419,0.17094637527931056,0.04294501296664166,0.016666642656583804,0.35765178783033813,isiss,0.7277560102235425
rf__full,0.7314600983432152,0.6927759619248269,0.7701442347616035,0.553796075747348,0.16776409306175422,0.03358743743008606,-0.0012625823246345965,0.9272752026381902,ssssi,0.7253979786447319
lgbm__full,0.7285636441480597,0.6898652786144313,0.7672620096816882,0.5450996215146124,0.17006831673570483,0.02171894681675084,0.0034695723967884283,0.8876667398167704,isiss,0.7220020239500758
tabmfm_pre015_colid1__full,0.7262412911763562,0.6872351384269972,0.7652474439257151,0.5540557157823912,0.17100821150577397,0.025556708705088565,-0.009091782785900296,0.9306127339591368,sssss,0.7219403972650725
catboost__nopf,0.7044773408409772,0.6653959137294665,0.743558767952488,0.49203260727864695,0.17658086660679648,0.01912562721275603,-0.0010353987884649887,0.9913154756401337,sssss,0.7041205547699054
tabpfn__nopf,0.7039454052441066,0.6646132118615453,0.743277598626668,0.4962540916620969,0.17586994433816197,0.02200109223775112,-0.002267083566067919,0.9822362297579252,sssss,0.7035496970561905
rf__nopf,0.690432943679697,0.6518551386799174,0.7290107486794766,0.4516165996085549,0.18191110487300985,0.023055032890539073,-0.0012224671894179493,0.9912596601079101,sssss,0.6894955693656992
xgb__nopf,0.6901994109786318,0.6508955288315734,0.7295032931256902,0.4782340542737234,0.1812230655912212,0.03500123086952988,-0.004614518868322379,0.9199088808564176,ssiss,0.6825577020382215
lr__nopf,0.6886165782269679,0.648866824055486,0.7283663323984497,0.47458723377528517,0.18090901036062743,0.03244066494613698,-0.008366676480141666,0.8400147942621353,siisi,0.6761063611712963
tab__nopf,0.688415480623273,0.6486551846145978,0.7281757766319481,0.4752828304137087,0.18067295614692608,0.04058818898773838,-0.004572766959922805,0.9487333455163193,sssss,0.6853146853146852
tabmfm_pre030_colid1__nopf,0.6760382474668188,0.6353612488897257,0.716715246043912,0.4669209975696455,0.18544552061902173,0.024168655700463067,-0.012041980055207006,0.7488339330835033,ssisi,0.6584811292603501
lgbm__nopf,0.6754122500875748,0.635000271583705,0.7158242285914446,0.46491182435094025,0.18339302675934852,0.015982708226357993,0.0017846415656793415,0.9350894993370708,ssssi,0.6689576657109125
tabmfm_nopre_colid1__nopf,0.6706994304396902,0.6300110408750447,0.7113878200043356,0.44809789265261,0.18947155656297704,0.035716385671738675,-0.03697620152644627,0.14002989584105793,ssiii,0.6587081749419412
ftt__nopf,0.6674948428195181,0.62681216981437,0.7081775158246661,0.4484645055679126,0.19027571319844588,0.04396236163307019,-0.024655350454539145,0.14956029752905442,ssisi,0.6549294860983172
